Protocollo;Gruppo;DataOraIncidente;Localizzazione1;STRADA1;Localizzazione2;STRADA2;Strada02;Chilometrica;DaSpecificare;NaturaIncidente;particolaritastrade;TipoStrada;FondoStradale;Pavimentazione;Segnaletica;CondizioneAtmosferica;Traffico;Visibilita;Illuminazione;NUM_FERITI;NUM_RISERVATA;NUM_MORTI;NUM_ILLESI;Longitudine;Latitudine;Confermato;Progressivo;TipoVeicolo;StatoVeicolo;TipoPersona;Sesso;Tipolesione;Deceduto;DecedutoDopo;CinturaCascoUtilizzato;Airbag
1942544;2;23/04/2013 18:15;Strada Urbana;VIALE DELLA MOSCHEA;in prossimità;;del palo luce n. ;86;;Tamponamento Multiplo;Rettilineo;Una carreggiata a doppio senso;Asciutto;Asfaltata;Verticale ed orizzontale;Sereno;Intenso;Buona;Ore Diurne;1;0;0;4;;;-1;3;Autovettura privata;In marcia / fermata / arresto;Passeggero;M;Illeso;0;;Utilizzato;Inesploso
1942545;2;23/04/2013 08:55;Strada Urbana;VIA CESARE BECCARIA;da specificare;;;;fr. civ. 90;Veicolo in marcia contro veicolo in sosta;Rettilineo;Una carreggiata a senso unico di marcia;Bagnato (pioggia);Asfaltata;Verticale ed orizzontale;Nuvoloso;Normale;Buona;Ore Diurne;0;0;0;1;;;-1;1;Autovettura privata;In marcia / fermata / arresto;Conducente;F;Illeso;0;;Non accertato;Inesistente
1942546;12;23/04/2013 08:30;Strada Urbana;VIA SARSINA;da specificare;;;;altezza civico 224;Veicolo in marcia contro veicolo fermo;Rettilineo;Una carreggiata a doppio senso;Asciutto;Asfaltata;Verticale ed orizzontale;Sereno;Scarso;Buona;Ore Diurne;0;0;0;2;;;-1;1;Autocarro inferiore 35 q.;In marcia / fermata / arresto;Conducente;M;Illeso;0;;Utilizzato;Inesploso
1942546;12;23/04/2013 08:30;Strada Urbana;VIA SARSINA;da specificare;;;;altezza civico 224;Veicolo in marcia contro veicolo fermo;Rettilineo;Una carreggiata a doppio senso;Asciutto;Asfaltata;Verticale ed orizzontale;Sereno;Scarso;Buona;Ore Diurne;0;0;0;2;;;-1;2;Autovettura privata;In marcia / fermata / arresto;Conducente;F;Illeso;0;;Utilizzato;Inesploso
1942547;12;23/04/2013 12:30;Regionale entro l'abitato;VIA PONTINA;in prossimità;;della chilometrica ;13,4;;Veicolo in marcia contro ostacolo accidentale;Rettilineo;Due carreggiate;Asciutto;Strada pavimentata dissestata;Verticale ed orizzontale;Sereno;Normale;Buona;Ore Diurne;0;0;0;1;;;-1;1;Autovettura privata;In marcia / fermata / arresto;Conducente;M;Illeso;0;;Utilizzato;Inesploso
1942548;1;24/04/2013 08:00;Strada Urbana;VIA LABICANA;all'intersezione semaforizzata con;VIA MERULANA;VIA MERULANA;;;Tamponamento;Intersezione semaforizzata;Una carreggiata a doppio senso;Asciutto;Asfaltata;Verticale ed orizzontale;Sereno;Intenso;Buona;Ore Diurne;0;0;0;4;;;-1;1;Autovettura privata;In marcia / fermata / arresto;Conducente;M;Illeso;0;;Non utilizzato;Inesploso
1942548;1;24/04/2013 08:00;Strada Urbana;VIA LABICANA;all'intersezione semaforizzata con;VIA MERULANA;VIA MERULANA;;;Tamponamento;Intersezione semaforizzata;Una carreggiata a doppio senso;Asciutto;Asfaltata;Verticale ed orizzontale;Sereno;Intenso;Buona;Ore Diurne;0;0;0;4;;;-1;1;Autovettura privata;In marcia / fermata / arresto;Passeggero;F;Illeso;0;;Non accertato;Inesploso
1942548;1;24/04/2013 08:00;Strada Urbana;VIA LABICANA;all'intersezione semaforizzata con;VIA MERULANA;VIA MERULANA;;;Tamponamento;Intersezione semaforizzata;Una carreggiata a doppio senso;Asciutto;Asfaltata;Verticale ed orizzontale;Sereno;Intenso;Buona;Ore Diurne;0;0;0;4;;;-1;2;Autobus turistico;In marcia / fermata / arresto;Conducente;M;Illeso;0;;Non accertato;Inesistente
1942548;1;24/04/2013 08:00;Strada Urbana;VIA LABICANA;all'intersezione semaforizzata con;VIA MERULANA;VIA MERULANA;;;Tamponamento;Intersezione semaforizzata;Una carreggiata a doppio senso;Asciutto;Asfaltata;Verticale ed orizzontale;Sereno;Intenso;Buona;Ore Diurne;0;0;0;4;;;-1;2;Autobus turistico;In marcia / fermata / arresto;Passeggero;F;Illeso;0;;Non accertato;Inesploso
1942549;16;22/04/2013 19:20;Strada Urbana;CIRCONVALLAZIONE GIANICOLENSE;all'intersezione semaforizzata con;VIA QUIRINO MAJORANA;VIA QUIRINO MAJORANA;;;Infortunio per caduta del veicolo;Incrocio;Due carreggiate;Bagnato (pioggia);Asfaltata;Verticale ed orizzontale;Pioggia in atto;Normale;Buona;Ore Diurne;1;0;0;0;;;-1;1;Motociclo a solo;In marcia / fermata / arresto;Conducente;M;Rimandato;0;NON DECEDUTO;Non accertato;Inesistente
1942550;16;22/04/2013 21:15;Strada Urbana;VIALE DI TRASTEVERE;in prossimità;;del civico n. ;273;;Veicolo in marcia contro ostacolo fisso;Rettilineo;Più di due carreggiate;Bagnato (pioggia);Asfaltata;Verticale ed orizzontale;Pioggia in atto;Scarso;Sufficiente;Sufficiente;0;0;0;1;;;-1;1;Autovettura privata;In marcia / fermata / arresto;Conducente;F;Illeso;0;;Non accertato;Inesistente
1942551;1;24/04/2013 09:05;Strada Urbana;VIA MARMORATA;all'intersezione con;VIA GIOVANNI BRANCA;VIA GIOVANNI BRANCA;;;Scontro frontale/laterale SX fra veicoli in marcia;Intersezione stradale segnalata;Una carreggiata a doppio senso;Asciutto;Asfaltata;Verticale ed orizzontale;Sereno;Normale;Buona;Ore Diurne;1;0;0;1;;;-1;1;Autovettura pubblica;In marcia / fermata / arresto;Conducente;M;Illeso;0;;Non accertato;Inesistente
1942551;1;24/04/2013 09:05;Strada Urbana;VIA MARMORATA;all'intersezione con;VIA GIOVANNI BRANCA;VIA GIOVANNI BRANCA;;;Scontro frontale/laterale SX fra veicoli in marcia;Intersezione stradale segnalata;Una carreggiata a doppio senso;Asciutto;Asfaltata;Verticale ed orizzontale;Sereno;Normale;Buona;Ore Diurne;1;0;0;1;;;-1;2;Autovettura privata;In marcia / fermata / arresto;Conducente;F;Rifiuta cure immediate;0;NON DECEDUTO;Non accertato;Inesistente
1942552;18;24/04/2013 10:00;Strada Urbana;VIA RISERVA DELLA TORRETTA;da specificare;;;;prossimità Via della Maglianella;Veicolo in marcia contro ostacolo fisso;Curva a visuale libera;Due carreggiate;Asciutto;Asfaltata;Verticale ed orizzontale;Sereno;Normale;Buona;Ore Diurne;1;0;0;0;;;-1;1;Velocipede;In marcia / fermata / arresto;Conducente;M;Rimandato;0;NON DECEDUTO;Non accertato;Inesistente
1942553;18;21/04/2013 01:20;Strada Urbana;PIAZZA PIO XI;in prossimità;;del civico n. ;29;;Tamponamento;Rettilineo;Più di due carreggiate;Asciutto;Asfaltata;Verticale ed orizzontale;Sereno;Scarso;Buona;Sufficiente;2;0;0;2;;;-1;1;Autovettura privata;In marcia / fermata / arresto;Conducente;M;Illeso;0;;Utilizzato;Inesploso
1942553;18;21/04/2013 01:20;Strada Urbana;PIAZZA PIO XI;in prossimità;;del civico n. ;29;;Tamponamento;Rettilineo;Più di due carreggiate;Asciutto;Asfaltata;Verticale ed orizzontale;Sereno;Scarso;Buona;Sufficiente;2;0;0;2;;;-1;1;Autovettura privata;In marcia / fermata / arresto;Passeggero;F;Illeso;0;;Utilizzato;Inesploso
1942553;18;21/04/2013 01:20;Strada Urbana;PIAZZA PIO XI;in prossimità;;del civico n. ;29;;Tamponamento;Rettilineo;Più di due carreggiate;Asciutto;Asfaltata;Verticale ed orizzontale;Sereno;Scarso;Buona;Sufficiente;2;0;0;2;;;-1;2;Motociclo con passeggero;In marcia / fermata / arresto;Conducente;M;Rifiuta cure immediate;0;NON DECEDUTO;Utilizzato;Inesistente
1942553;18;21/04/2013 01:20;Strada Urbana;PIAZZA PIO XI;in prossimità;;del civico n. ;29;;Tamponamento;Rettilineo;Più di due carreggiate;Asciutto;Asfaltata;Verticale ed orizzontale;Sereno;Scarso;Buona;Sufficiente;2;0;0;2;;;-1;2;Motociclo con passeggero;In marcia / fermata / arresto;Passeggero;M;Rifiuta cure immediate;0;NON DECEDUTO;Utilizzato;Inesistente
1942554;16;23/04/2013 00:10;Strada Urbana;VIA DI S. GALLA;all'intersezione con;CIRCONVALLAZIONE OSTIENSE;CIRCONVALLAZIONE OSTIENSE;;;Infortunio per caduta del veicolo;Incrocio;Due carreggiate;Bagnato (pioggia);Asfaltata;Verticale ed orizzontale;Sereno;Scarso;Sufficiente;Sufficiente;1;0;0;0;;;-1;1;Motociclo a solo;In marcia / fermata / arresto;Conducente;M;Rimandato;0;NON DECEDUTO;Non accertato;Inesistente
1942555;12;20/04/2013 21:50;Strada Urbana;VIALE DELLA GRANDE MURAGLIA;da specificare;;;;altezzarotatoria via Edimburgo;Veicolo in marcia contro ostacolo fisso;Rotatoria;Una carreggiata a senso unico di marcia;Asciutto;Asfaltata;Verticale ed orizzontale;Nuvoloso;Scarso;Sufficiente;Sufficiente;0;0;0;1;;;-1;1;Autovettura privata;In marcia / fermata / arresto;Conducente;M;Illeso;0;;Non accertato;Inesistente
1942556;20;23/04/2013 16:50;Strada Urbana;VIA DI GROTTAROSSA;da specificare;;;;altezza via Quarto Peperino;Scontro frontale fra veicoli in marcia;Rotatoria;Una carreggiata a senso unico di marcia;Asciutto;Asfaltata;Verticale ed orizzontale;Sereno;Normale;Buona;Ore Diurne;4;0;0;0;;;-1;1;Autovettura di polizia;In marcia / fermata / arresto;Conducente;M;Rifiuta cure immediate;0;NON DECEDUTO;Non accertato;Inesploso
1942556;20;23/04/2013 16:50;Strada Urbana;VIA DI GROTTAROSSA;da specificare;;;;altezza via Quarto Peperino;Scontro frontale fra veicoli in marcia;Rotatoria;Una carreggiata a senso unico di marcia;Asciutto;Asfaltata;Verticale ed orizzontale;Sereno;Normale;Buona;Ore Diurne;4;0;0;0;;;-1;1;Autovettura di polizia;In marcia / fermata / arresto;Passeggero;M;Rifiuta cure immediate;0;NON DECEDUTO;Non accertato;Inesploso
1942556;20;23/04/2013 16:50;Strada Urbana;VIA DI GROTTAROSSA;da specificare;;;;altezza via Quarto Peperino;Scontro frontale fra veicoli in marcia;Rotatoria;Una carreggiata a senso unico di marcia;Asciutto;Asfaltata;Verticale ed orizzontale;Sereno;Normale;Buona;Ore Diurne;4;0;0;0;;;-1;2;Motociclo con passeggero;In marcia / fermata / arresto;Conducente;M;Rimandato;0;NON DECEDUTO;Non accertato;Inesistente
1942556;20;23/04/2013 16:50;Strada Urbana;VIA DI GROTTAROSSA;da specificare;;;;altezza via Quarto Peperino;Scontro frontale fra veicoli in marcia;Rotatoria;Una carreggiata a senso unico di marcia;Asciutto;Asfaltata;Verticale ed orizzontale;Sereno;Normale;Buona;Ore Diurne;4;0;0;0;;;-1;2;Motociclo con passeggero;In marcia / fermata / arresto;Passeggero;M;Rimandato;0;NON DECEDUTO;Non accertato;Inesistente
1942557;17;23/04/2013 10:10;Strada Urbana;LUNGOTEVERE DEI MELLINI;in prossimità;;del civico n. ;74;;Fuoriuscita dalla sede stradale;Rettilineo;Una carreggiata a senso unico di marcia;Bagnato (umidità in atto);Asfaltata;Verticale ed orizzontale;Nuvoloso;Normale;Buona;Ore Diurne;1;0;0;1;;;-1;;;;Pedone;M;Rimandato;0;NON DECEDUTO;;
1942557;17;23/04/2013 10:10;Strada Urbana;LUNGOTEVERE DEI MELLINI;in prossimità;;del civico n. ;74;;Fuoriuscita dalla sede stradale;Rettilineo;Una carreggiata a senso unico di marcia;Bagnato (umidità in atto);Asfaltata;Verticale ed orizzontale;Nuvoloso;Normale;Buona;Ore Diurne;1;0;0;1;;;-1;1;Motociclo a solo;In marcia / fermata / arresto;Conducente;M;Illeso;0;;Non accertato;Inesistente
1942558;20;23/04/2013 10:30;Strada Urbana;VIA FLAMINIA;da specificare;;;;prossimità via bomarzo direzione centro;Tamponamento;Rettilineo;Una carreggiata a doppio senso;Asciutto;Asfaltata;Verticale ed orizzontale;Nuvoloso;Normale;Buona;Ore Diurne;0;0;0;2;;;-1;1;Autovettura privata;In marcia / fermata / arresto;Conducente;M;Illeso;0;;Non accertato;Inesistente
1942558;20;23/04/2013 10:30;Strada Urbana;VIA FLAMINIA;da specificare;;;;prossimità via bomarzo direzione centro;Tamponamento;Rettilineo;Una carreggiata a doppio senso;Asciutto;Asfaltata;Verticale ed orizzontale;Nuvoloso;Normale;Buona;Ore Diurne;0;0;0;2;;;-1;2;Autovettura privata;In marcia / fermata / arresto;Conducente;M;Illeso;0;;Non accertato;Inesistente
1942559;12;23/04/2013 12:15;Strada Urbana;VIALE DELL'UMANESIMO;all'intersezione semaforizzata con;VIA NAIROBI;VIA NAIROBI;;;Scontro frontale/laterale DX fra veicoli in marcia;Intersezione semaforizzata;Una carreggiata a doppio senso;Asciutto;Asfaltata;Verticale ed orizzontale;Nuvoloso;Normale;Buona;Ore Diurne;0;0;0;2;;;-1;1;Autovettura privata;In marcia / fermata / arresto;Conducente;F;Illeso;0;;Utilizzato;Inesistente
1942559;12;23/04/2013 12:15;Strada Urbana;VIALE DELL'UMANESIMO;all'intersezione semaforizzata con;VIA NAIROBI;VIA NAIROBI;;;Scontro frontale/laterale DX fra veicoli in marcia;Intersezione semaforizzata;Una carreggiata a doppio senso;Asciutto;Asfaltata;Verticale ed orizzontale;Nuvoloso;Normale;Buona;Ore Diurne;0;0;0;2;;;-1;2;Autovettura privata;In marcia / fermata / arresto;Conducente;M;Illeso;0;;Utilizzato;Inesistente
1942560;17;23/04/2013 23:50;Strada Urbana;PIAZZA ADRIANA;in prossimità;;del civico n. ;5;;Ribaltamento senza urto contro ostacolo fisso;Rettilineo;Una carreggiata a senso unico di marcia;Asciutto;Asfaltata;Verticale ed orizzontale;Sereno;Scarso;Buona;Sufficiente;0;0;0;1;;;-1;1;Autovettura privata;In marcia / fermata / arresto;Conducente;F;Illeso;0;;Non accertato;Inesistente
1942561;17;23/04/2013 14:25;Strada Urbana;VIA CRESCENZIO;in corrispondenza;;del civico n. ;86 B;;Tamponamento;Rettilineo;Una carreggiata a doppio senso;Asciutto;Acciotolata;Orizzontale;Sereno;Normale;Buona;Ore Diurne;0;0;0;3;;;-1;1;Autovettura privata;In marcia / fermata / arresto;Conducente;F;Illeso;0;;Non accertato;Inesploso
1942561;17;23/04/2013 14:25;Strada Urbana;VIA CRESCENZIO;in corrispondenza;;del civico n. ;86 B;;Tamponamento;Rettilineo;Una carreggiata a doppio senso;Asciutto;Acciotolata;Orizzontale;Sereno;Normale;Buona;Ore Diurne;0;0;0;3;;;-1;2;Ciclomotore;In marcia / fermata / arresto;Conducente;F;Illeso;0;;Non accertato;Inesistente
1942561;17;23/04/2013 14:25;Strada Urbana;VIA CRESCENZIO;in corrispondenza;;del civico n. ;86 B;;Tamponamento;Rettilineo;Una carreggiata a doppio senso;Asciutto;Acciotolata;Orizzontale;Sereno;Normale;Buona;Ore Diurne;0;0;0;3;;;-1;3;Motociclo a solo;In marcia / fermata / arresto;Conducente;M;Illeso;0;;Non accertato;Inesistente
1942562;20;23/04/2013 15:35;Strada Urbana;VIA TUSCANIA;all'intersezione con;VIA FLAMINIA NUOVA;VIA FLAMINIA NUOVA;;;Scontro frontale/laterale SX fra veicoli in marcia;Intersezione stradale segnalata;Una carreggiata a senso unico di marcia;Asciutto;Asfaltata;Verticale ed orizzontale;Sereno;Intenso;Buona;Ore Diurne;0;0;0;2;;;-1;1;Autovettura privata;In marcia / fermata / arresto;Conducente;M;Illeso;0;;Non accertato;Inesistente
1942562;20;23/04/2013 15:35;Strada Urbana;VIA TUSCANIA;all'intersezione con;VIA FLAMINIA NUOVA;VIA FLAMINIA NUOVA;;;Scontro frontale/laterale SX fra veicoli in marcia;Intersezione stradale segnalata;Una carreggiata a senso unico di marcia;Asciutto;Asfaltata;Verticale ed orizzontale;Sereno;Intenso;Buona;Ore Diurne;0;0;0;2;;;-1;2;Autovettura privata;In marcia / fermata / arresto;Conducente;M;Illeso;0;;Non accertato;Inesploso
1942563;12;23/04/2013 13:10;Strada Urbana;VIA DELLA DIVISIONE FOLGORE;da specificare;;;;prossimità V.le dell'Esercito;Veicolo in marcia contro veicolo in sosta;Rettilineo;Una carreggiata a doppio senso;Asciutto;Asfaltata;Verticale ed orizzontale;Nuvoloso;Normale;Buona;Ore Diurne;0;0;0;3;;;-1;1;Autovettura privata;Sosta;Passeggero;F;Illeso;0;;Non accertato;Inesistente
1942563;12;23/04/2013 13:10;Strada Urbana;VIA DELLA DIVISIONE FOLGORE;da specificare;;;;prossimità V.le dell'Esercito;Veicolo in marcia contro veicolo in sosta;Rettilineo;Una carreggiata a doppio senso;Asciutto;Asfaltata;Verticale ed orizzontale;Nuvoloso;Normale;Buona;Ore Diurne;0;0;0;3;;;-1;2;Autobus di linea;In marcia / fermata / arresto;Conducente;M;Illeso;0;;Utilizzato;Inesistente
1942563;12;23/04/2013 13:10;Strada Urbana;VIA DELLA DIVISIONE FOLGORE;da specificare;;;;prossimità V.le dell'Esercito;Veicolo in marcia contro veicolo in sosta;Rettilineo;Una carreggiata a doppio senso;Asciutto;Asfaltata;Verticale ed orizzontale;Nuvoloso;Normale;Buona;Ore Diurne;0;0;0;3;;;-1;2;Autobus di linea;In marcia / fermata / arresto;Passeggero;M;Illeso;0;;Utilizzato;Inesistente
1942564;8;24/04/2013 09:20;Statale entro l'abitato;VIA CASILINA;all'intersezione con;VIA BORGHESIANA;VIA BORGHESIANA;;;Scontro laterale fra veicoli in marcia;Intersezione stradale segnalata;Una carreggiata a doppio senso;Asciutto;Asfaltata;Verticale ed orizzontale;Sereno;Normale;Sufficiente;Ore Diurne;0;0;0;2;;;-1;1;Autovettura privata;In marcia / fermata / arresto;Conducente;F;Illeso;0;;Non accertato;Inesistente
1942564;8;24/04/2013 09:20;Statale entro l'abitato;VIA CASILINA;all'intersezione con;VIA BORGHESIANA;VIA BORGHESIANA;;;Scontro laterale fra veicoli in marcia;Intersezione stradale segnalata;Una carreggiata a doppio senso;Asciutto;Asfaltata;Verticale ed orizzontale;Sereno;Normale;Sufficiente;Ore Diurne;0;0;0;2;;;-1;2;Ciclomotore;In marcia / fermata / arresto;Conducente;M;Illeso;0;;Non accertato;Inesistente
1942565;8;24/04/2013 14:55;Strada Urbana;VIA DI VERMICINO;in prossimità;;del civico n. ;12A;;Scontro frontale/laterale DX fra veicoli in marcia;Rettilineo;Una carreggiata a doppio senso;Asciutto;Asfaltata;Assente;Sereno;Normale;Buona;Ore Diurne;1;0;0;1;;;-1;1;Autovettura privata;In marcia / fermata / arresto;Conducente;M;Illeso;0;;Non accertato;Inesistente
1942565;8;24/04/2013 14:55;Strada Urbana;VIA DI VERMICINO;in prossimità;;del civico n. ;12A;;Scontro frontale/laterale DX fra veicoli in marcia;Rettilineo;Una carreggiata a doppio senso;Asciutto;Asfaltata;Assente;Sereno;Normale;Buona;Ore Diurne;1;0;0;1;;;-1;2;Velocipede;In marcia / fermata / arresto;Conducente;M;Rimandato;0;NON DECEDUTO;Non accertato;Inesistente
1942566;7;24/04/2013 17:00;Strada Urbana;VIALE DELLE GARDENIE;all'intersezione con;VIA DEI LAURI;VIA DEI LAURI;;;Scontro laterale fra veicoli in marcia;Incrocio;Due carreggiate;Asciutto;Asfaltata;Verticale ed orizzontale;Sereno;Normale;Buona;Ore Diurne;0;0;0;5;;;-1;1;Autovettura privata;In marcia / fermata / arresto;Conducente;F;Illeso;0;;Non accertato;Inesploso
1942566;7;24/04/2013 17:00;Strada Urbana;VIALE DELLE GARDENIE;all'intersezione con;VIA DEI LAURI;VIA DEI LAURI;;;Scontro laterale fra veicoli in marcia;Incrocio;Due carreggiate;Asciutto;Asfaltata;Verticale ed orizzontale;Sereno;Normale;Buona;Ore Diurne;0;0;0;5;;;-1;1;Autovettura privata;In marcia / fermata / arresto;Passeggero;F;Illeso;0;;Non accertato;Inesploso
1942566;7;24/04/2013 17:00;Strada Urbana;VIALE DELLE GARDENIE;all'intersezione con;VIA DEI LAURI;VIA DEI LAURI;;;Scontro laterale fra veicoli in marcia;Incrocio;Due carreggiate;Asciutto;Asfaltata;Verticale ed orizzontale;Sereno;Normale;Buona;Ore Diurne;0;0;0;5;;;-1;1;Autovettura privata;In marcia / fermata / arresto;Passeggero;M;Illeso;0;;Non accertato;Inesploso
1942566;7;24/04/2013 17:00;Strada Urbana;VIALE DELLE GARDENIE;all'intersezione con;VIA DEI LAURI;VIA DEI LAURI;;;Scontro laterale fra veicoli in marcia;Incrocio;Due carreggiate;Asciutto;Asfaltata;Verticale ed orizzontale;Sereno;Normale;Buona;Ore Diurne;0;0;0;5;;;-1;1;Autovettura privata;In marcia / fermata / arresto;Passeggero;M;Illeso;0;;Non accertato;Inesploso
1942566;7;24/04/2013 17:00;Strada Urbana;VIALE DELLE GARDENIE;all'intersezione con;VIA DEI LAURI;VIA DEI LAURI;;;Scontro laterale fra veicoli in marcia;Incrocio;Due carreggiate;Asciutto;Asfaltata;Verticale ed orizzontale;Sereno;Normale;Buona;Ore Diurne;0;0;0;5;;;-1;2;Autovettura privata;In marcia / fermata / arresto;Conducente;F;Illeso;0;;Non accertato;Inesploso
1942567;9;24/04/2013 13:30;Strada Urbana;VIALE CASTRENSE;in prossimità;;del fronte civico n. ;51a;;Veicolo in marcia contro veicolo in sosta;Rettilineo;Una carreggiata a senso unico di marcia;Asciutto;Asfaltata;Assente;Sereno;Intenso;Buona;Ore Diurne;1;0;0;0;;;-1;1;Motociclo a solo;In marcia / fermata / arresto;Conducente;M;Rimandato;0;NON DECEDUTO;Non accertato;Inesistente
1942568;9;24/04/2013 16:15;Strada Urbana;VIA DI PORTA FURBA;all'intersezione con;SALITA DEL MANDRIONE;SALITA DEL MANDRIONE;;;Investimento di pedone;Incrocio;Una carreggiata a doppio senso;Asciutto;Asfaltata;Verticale ed orizzontale;Sereno;Intenso;Buona;Ore Diurne;0;0;0;2;;;-1;;;;Pedone sconosciuto;M;Illeso;0;;;
1942568;9;24/04/2013 16:15;Strada Urbana;VIA DI PORTA FURBA;all'intersezione con;SALITA DEL MANDRIONE;SALITA DEL MANDRIONE;;;Investimento di pedone;Incrocio;Una carreggiata a doppio senso;Asciutto;Asfaltata;Verticale ed orizzontale;Sereno;Intenso;Buona;Ore Diurne;0;0;0;2;;;-1;1;Autovettura privata;In marcia / fermata / arresto;Conducente;F;Illeso;0;;Non accertato;Inesistente
1942569;9;24/04/2013 15:15;Strada Urbana;VIA TUSCOLANA;da specificare;;;;sotto il ponte della ferrovia;Veicolo in marcia contro ostacolo accidentale;Rettilineo;Una carreggiata a doppio senso;Asciutto;Asfaltata;Assente;Sereno;Intenso;Buona;Ore Diurne;0;0;0;1;;;-1;1;Autovettura privata;In marcia / fermata / arresto;Conducente;M;Illeso;0;;Non accertato;Inesistente
1942570;13;24/04/2013 09:20;Strada Urbana;VIA ISOLE SALOMONE;all'intersezione con;VIA DELLE CAROLINE;VIA DELLE CAROLINE;;;Scontro frontale/laterale DX fra veicoli in marcia;Incrocio;Una carreggiata a doppio senso;Asciutto;Asfaltata;Verticale ed orizzontale;Sereno;Normale;Buona;Ore Diurne;0;0;0;2;;;-1;1;Autovettura privata;In marcia / fermata / arresto;Conducente;M;Illeso;0;;Non accertato;Inesploso
1942570;13;24/04/2013 09:20;Strada Urbana;VIA ISOLE SALOMONE;all'intersezione con;VIA DELLE CAROLINE;VIA DELLE CAROLINE;;;Scontro frontale/laterale DX fra veicoli in marcia;Incrocio;Una carreggiata a doppio senso;Asciutto;Asfaltata;Verticale ed orizzontale;Sereno;Normale;Buona;Ore Diurne;0;0;0;2;;;-1;2;Autovettura privata;In marcia / fermata / arresto;Conducente;M;Illeso;0;;Non accertato;Inesploso
1942571;11;24/04/2013 08:10;Strada Urbana;VIALE DEL TINTORETTO;da specificare;;;;prossimità viale Aldo Ballarin;Scontro laterale fra veicoli in marcia;Curva a visuale libera;Due carreggiate;Asciutto;Asfaltata;Verticale ed orizzontale;Nuvoloso;Normale;Buona;Ore Diurne;1;0;0;1;;;-1;1;Autovettura privata;In marcia / fermata / arresto;Conducente;M;Illeso;0;;Non accertato;Inesploso
1942571;11;24/04/2013 08:10;Strada Urbana;VIALE DEL TINTORETTO;da specificare;;;;prossimità viale Aldo Ballarin;Scontro laterale fra veicoli in marcia;Curva a visuale libera;Due carreggiate;Asciutto;Asfaltata;Verticale ed orizzontale;Nuvoloso;Normale;Buona;Ore Diurne;1;0;0;1;;;-1;2;Motociclo a solo;In marcia / fermata / arresto;Conducente;M;Rimandato;0;NON DECEDUTO;Non accertato;Inesistente
1942572;19;24/04/2013 14:25;Strada Urbana;VIA TRIONFALE;in prossimità;;del civico n. ;7400;;Scontro frontale/laterale SX fra veicoli in marcia;Rettilineo;Una carreggiata a doppio senso;Asciutto;Asfaltata;Orizzontale;Sereno;Intenso;Buona;Ore Diurne;3;0;0;1;;;-1;1;Autocarro inferiore 35 q.;In marcia / fermata / arresto;Conducente;M;Rimandato;0;NON DECEDUTO;Non accertato;Inesistente
1942572;19;24/04/2013 14:25;Strada Urbana;VIA TRIONFALE;in prossimità;;del civico n. ;7400;;Scontro frontale/laterale SX fra veicoli in marcia;Rettilineo;Una carreggiata a doppio senso;Asciutto;Asfaltata;Orizzontale;Sereno;Intenso;Buona;Ore Diurne;3;0;0;1;;;-1;1;Autocarro inferiore 35 q.;In marcia / fermata / arresto;Passeggero;M;Illeso;0;;Non accertato;Inesistente
1942572;19;24/04/2013 14:25;Strada Urbana;VIA TRIONFALE;in prossimità;;del civico n. ;7400;;Scontro frontale/laterale SX fra veicoli in marcia;Rettilineo;Una carreggiata a doppio senso;Asciutto;Asfaltata;Orizzontale;Sereno;Intenso;Buona;Ore Diurne;3;0;0;1;;;-1;2;Autovettura privata;In marcia / fermata / arresto;Conducente;M;Rimandato;0;NON DECEDUTO;Non accertato;Inesistente
1942572;19;24/04/2013 14:25;Strada Urbana;VIA TRIONFALE;in prossimità;;del civico n. ;7400;;Scontro frontale/laterale SX fra veicoli in marcia;Rettilineo;Una carreggiata a doppio senso;Asciutto;Asfaltata;Orizzontale;Sereno;Intenso;Buona;Ore Diurne;3;0;0;1;;;-1;2;Autovettura privata;In marcia / fermata / arresto;Passeggero;M;Rimandato;0;NON DECEDUTO;Non accertato;Inesistente
1942573;19;24/04/2013 16:00;Strada Urbana;VIA MATTIA BATTISTINI;da specificare;;;;altezza Via Forte Braschi;Tamponamento;Rettilineo;Una carreggiata a doppio senso;Asciutto;Asfaltata;Verticale ed orizzontale;Sereno;Intenso;Buona;Ore Diurne;0;0;0;3;;;-1;1;Autovettura privata;In marcia / fermata / arresto;Conducente;M;Illeso;0;;Non accertato;Inesistente
1942573;19;24/04/2013 16:00;Strada Urbana;VIA MATTIA BATTISTINI;da specificare;;;;altezza Via Forte Braschi;Tamponamento;Rettilineo;Una carreggiata a doppio senso;Asciutto;Asfaltata;Verticale ed orizzontale;Sereno;Intenso;Buona;Ore Diurne;0;0;0;3;;;-1;1;Autovettura privata;In marcia / fermata / arresto;Passeggero;M;Illeso;0;;Non accertato;Inesistente
1942573;19;24/04/2013 16:00;Strada Urbana;VIA MATTIA BATTISTINI;da specificare;;;;altezza Via Forte Braschi;Tamponamento;Rettilineo;Una carreggiata a doppio senso;Asciutto;Asfaltata;Verticale ed orizzontale;Sereno;Intenso;Buona;Ore Diurne;0;0;0;3;;;-1;2;Autovettura privata;In marcia / fermata / arresto;Conducente;M;Illeso;0;;Non accertato;Inesistente